5.23793236848856,1,-1.9921875,0.2,0.2
2.63421117586236,1,-1.9765625,0.615183181172168,0.728631654596009
2.2177781275324,1,-1.9609375,0.95112055852218,1.08994752579299
2.1251660131835,1,-1.9453125,1.14581687617754,1.17144218675393
2.58597515947587,1,-1.9296875,1.16245360194023,0.944735076661278
2.93460041916606,1,-1.9140625,0.996115550508309,0.474329492025338
1.67115089299317,1,-1.8984375,0.674717615158077,-0.101971083172889
1.53444467001201,1,-1.8828125,0.253962342047946,-0.615009799475463
2.47971738057446,1,-1.8671875,-0.192754260969012,-0.915775941298783
1.40884378499431,1,-1.8515625,-0.587651648184473,-0.92072903384498
0.866773472658486,1,-1.8359375,-0.862666171024538,-0.637106542332579
1.62673370085565,1,-1.8203125,-0.971778608832657,-0.160489362885126
1.75615660488213,1,-1.8046875,-0.899324432554701,0.354625466912818
1.48629922295513,1,-1.7890625,-0.662774918187546,0.742249269582109
1.2581286433625,1,-1.7734375,-0.309483953424235,0.875829936145439
2.1991000176539,1,-1.7578125,0.0920059395947007,0.707120164980031
2.56458301992252,1,-1.7421875,0.464514245433872,0.281106571514303
1.42037948734139,1,-1.7265625,0.736343482299712,-0.277565876604754
2.04363720081063,1,-1.7109375,0.854398458020835,-0.802531178543157
2.73551351053017,1,-1.6953125,0.793914048051675,-1.13641549805719
1.71397985519486,1,-1.6796875,0.563019347200323,-1.17883668431027
1.46655799956759,1,-1.6640625,0.201306275207363,-0.917028708977116
1.78240108872956,1,-1.6484375,-0.22733757314558,-0.429736621757907
1.85618637509308,1,-1.6328125,-0.646327618008282,0.13680771870957
1.21753502077856,1,-1.6171875,-0.980301329195817,0.61349077557894
0.741318231663052,1,-1.6015625,-1.16882380313679,0.859878631522148
1.81409258169313,1,-1.5859375,-1.1773847908843,0.806985588212591
1.61655752305565,1,-1.5703125,-1.00368507050525,0.478188083057166
0.712956912773322,1,-1.5546875,-0.678067560408733,-0.018100964331552
1.74724568366828,1,-1.5390625,-0.258014470546857,-0.521754753308993
2.19939533294303,1,-1.5234375,0.182287978297667,-0.870067236893615
1.71025551300844,1,-1.5078125,0.565417844582598,-0.947684104341278
1.75326389331012,1,-1.4921875,0.824767266894369,-0.722070934868385
2.20253410138074,1,-1.4765625,0.916616530771114,-0.253677524663061
2.59543988288181,1,-1.4609375,0.828034990793731,0.322312468605666
1.68225311719669,1,-1.4453125,0.579171335628202,0.837076795770186
1.43994033819492,1,-1.4296875,0.219517290943746,1.13954577477842
2.38041156009111,1,-1.4140625,-0.181173832640907,1.14239452156434
1.49806386460836,1,-1.3984375,-0.545659109307328,0.848590133282221
0.777397666055576,1,-1.3828125,-0.803341895510122,0.350387243427485
1.49297499909939,1,-1.3671875,-0.903196731781521,-0.198918699369798
1.54576697156916,1,-1.3515625,-0.823128825118143,-0.631849712607502
1.24086879890237,1,-1.3359375,-0.574062874600733,-0.81789967775309
1.14318848241334,1,-1.3203125,-0.198015679057904,-0.70335792396073
1.92712914037908,1,-1.3046875,0.239497596232836,-0.327637441834144
2.46768193141959,1,-1.2890625,0.661341862652055,0.188878335431929
1.58093847237919,1,-1.2734375,0.992763411343313,0.681754613964753
2.05754330291538,1,-1.2578125,1.17496559841938,0.992908124612027
2.89096808367917,1,-1.2421875,1.17578779171284,1.01909190955787
1.93868443354105,1,-1.2265625,0.995543719211307,0.743645499659024
1.58099469641313,1,-1.2109375,0.666956528239798,0.241805781546143
1.87709066331178,1,-1.1953125,0.249202511053673,-0.342049513408282
1.7592912434638,1,-1.1796875,-0.182852079870961,-0.838279630606216
1.18287478032139,1,-1.1640625,-0.552261674810693,-1.10358152517432
0.692590006677996,1,-1.1484375,-0.793981758616738,-1.06455570099719
1.54247043999593,1,-1.1328125,-0.866674075335989,-0.73993364725806
1.57944298491299,1,-1.1171875,-0.760187940098545,-0.234681608369605
0.725554279281851,1,-1.1015625,-0.497356307853504,0.292213631021745
1.64304427801643,1,-1.0859375,-0.129780469839006,0.676432049284947
2.22714094020159,1,-1.0703125,0.271628167009033,0.798604279589566
1.68151628624069,1,-1.0546875,0.629626106232572,0.620828683367616
1.71865427083576,1,-1.0390625,0.874771568199515,0.19826471119464
2.05709262176385,1,-1.0234375,0.958139571004605,-0.337739480165878
2.27159234715589,1,-1.0078125,0.860302056467326,-0.81983025881087
1.51387591571425,1,-0.9921875,0.594936840842103,-1.09586555623464
1.11710420599711,1,-0.9765625,0.206407103747404,-1.0755170759592
1.94606819573076,1,-0.9609375,-0.238249063629098,-0.758017997011877
1.3079311674345,1,-0.9453125,-0.661461725505256,-0.232575615536888
0.532008700332542,1,-0.9296875,-0.989194967712368,0.348681690191811
1.2563631514802,1,-0.9140625,-1.16437557687465,0.816963826234373
1.35779490635786,1,-0.8984375,-1.15724045256003,1.03815839167156
1.00158819663059,1,-0.8828125,-0.970719554139747,0.953572193251533
0.964148957988763,1,-0.8671875,-0.639874924435117,0.597634585662563
1.51631719271956,1,-0.8515625,-0.225498390759696,0.0871602424204806
2.00048785980617,1,-0.8359375,0.196966085682575,-0.414542923886274
1.25850376711164,1,-0.8203125,0.55115836261408,-0.747750756169138
1.51743391672601,1,-0.8046875,0.773695487652133,-0.805281947266527
2.41565046514888,1,-0.7890625,0.825693100939959,-0.565378516415701
1.65716102592297,1,-0.7734375,0.699817499450718,-0.0984595011470261
1.30280416972581,1,-0.7578125,0.421584869177096,0.454318048796344
1.73284324550797,1,-0.7421875,0.0446717435629572,0.924143250532345
1.60905544919685,1,-0.7265625,-0.358908754035352,1.16611993087397
1.12560018098323,1,-0.7109375,-0.711975427182616,1.10356590742444
0.682172530369988,1,-0.6953125,-0.946293745135255,0.751509136774471
1.25793116523471,1,-0.6796875,-1.01506589989822,0.212201095105597
1.36997178988434,1,-0.6640625,-0.901521009991363,-0.355984656001136
0.529494652732937,1,-0.6484375,-0.62204028749567,-0.7867710058122
1.23689832236249,1,-0.6328125,-0.223246963576192,-0.956586825897902
1.94378559176576,1,-0.6171875,0.226410416936027,-0.822111564607869
1.47156804276613,1,-0.6015625,0.649050128643159,-0.433290654668401
1.60788958791214,1,-0.5859375,0.97146979382308,0.082148756402913
2.05936504307746,1,-0.5703125,1.13841099440151,0.557945682213271
2.25788818428478,1,-0.5546875,1.12256196681077,0.840321116740175
1.7296545311546,1,-0.5390625,0.929478184966809,0.835171243319777
1.28385841985378,1,-0.5234375,0.596525826249886,0.537015490648942
1.90989282266327,1,-0.5078125,0.186041242448641,0.030850983800385
1.40353961676777,1,-0.4921875,-0.226047489556046,-0.533657728673717
3.50067173062417,1,-0.4765625,-0.564064791371448,-0.987772868816155
1.08361620565534,1,-0.4609375,-0.766376644485425,-1.19513622334202
1.22668670307806,1,-0.4453125,-0.796613751410824,-1.0933646586327
0.850630804891365,1,-0.4296875,-0.650285386338555,-0.713082898151583
0.946624039967057,1,-0.4140625,-0.355579893953188,-0.168579872575336
1.45875993121745,1,-0.3984375,0.0317936202721687,0.377057271573275
1.95919461675089,1,-0.3828125,0.438782802117747,0.761681529786643
1.4485114196872,1,-0.3671875,0.788335174067291,0.873504326810617
1.53544914064709,1,-0.3515625,1.01347679251584,0.68509991404395
2.3507424791714,1,-0.3359375,1.06956231581561,0.261611607590268
1.67622102515244,1,-0.3203125,0.942465182814274,-0.259342659842328
1.15383859080802,1,-0.3046875,0.651215687634728,-0.709921873210375
1.53172101307605,1,-0.2890625,0.244605525315138,-0.943557762283579
1.34673135077735,1,-0.2734375,-0.207624156987098,-0.879957798904681
0.887212095196807,1,-0.2578125,-0.627408031267156,-0.529861587198298
0.562040143844226,1,-0.2421875,-0.942497739960057,0.00801799778340173
0.989142529647911,1,-0.2265625,-1.09954548556862,0.576940142624384
1.2146925971728,1,-0.2109375,-1.07374913987959,1.00982528214653
0.507153730028032,1,-0.1953125,-0.873303947148895,1.18012452482256
0.998667653279609,1,-0.1796875,-0.537851386124402,1.040333613008
1.71010894055973,1,-0.1640625,-0.131208600679749,0.636389511969615
1.21454146466451,1,-0.1484375,0.270296963070099,0.0935545668110571
1.23890846093745,1,-0.1328125,0.591763037159239,-0.421897417657343
1.66028426828409,1,-0.1171875,0.773380265267778,-0.753487448359856
1.75399470412236,1,-0.1015625,0.781343212714163,-0.802308880855765
1.38230411138755,1,-0.0859375,0.614017737015433,-0.557181316200869
1.00660067303282,1,-0.0703125,0.302241624729762,-0.0979707106230299
1.52870564137666,1,-0.0546875,-0.096296294419254,0.428936124830149
1.26336264796836,1,-0.0390625,-0.507575063614932,0.855507093920567
0.410967760317688,1,-0.0234375,-0.854743118714662,1.04357744391236
0.87022380544413,1,-0.0078125,-1.07214379450348,0.927258259829775
1.04917884602354,1,0.0078125,-1.11731065328409,0.533280339019791
0.582234406397674,1,0.0234375,-0.978747967020798,-0.0269469043502513
0.648825823547059,1,0.0390625,-0.678078950759755,-0.591141326266584
1.0591481462046,1,0.0546875,-0.266169689724774,-0.995497216823145
1.48425010126561,1,0.0703125,0.186066555767117,-1.12450785879207
1.16856415473458,1,0.0859375,0.600511525141586,-0.946046777868125
1.21915873348005,1,0.1015625,0.905993619342897,-0.520995954761218
2.10656950336725,1,0.1171875,1.05117367951091,0.0155155672982579
1.67914897352869,1,0.1328125,1.01382000877256,0.495527113099749
1.13482692079064,1,0.1484375,0.804785166668708,0.769660407556809
1.59037129269537,1,0.1640625,0.465961683695351,0.752823097459325
1.42007315338827,1,0.1796875,0.0625900498791046,0.450238016346939
0.873817208989698,1,0.1953125,-0.328679457714546,-0.0441543611371262
0.546859656589302,1,0.2109375,-0.633796531910472,-0.576432189858795
0.809869755954798,1,0.2265625,-0.794840527405238,-0.979787631493081
1.05186015134024,1,0.2421875,-0.780605956061842,-1.1255922962135
0.375146888186834,1,0.2578125,-0.592315825714503,-0.962830035968802
0.768805138790843,1,0.2734375,-0.263422066750056,-0.533847245364975
1.68602953691433,1,0.2890625,0.146471007304034,0.0383951107043291
1.24874337736277,1,0.3046875,0.562454095089487,0.587678180657443
1.25460490628609,1,0.3203125,0.907956268482073,0.955083814637823
1.82871948283336,1,0.3359375,1.118700193178,1.03731553484451
1.87177301576531,1,0.3515625,1.15442816532402,0.818026121540682
1.47533841604128,1,0.3671875,1.00626363145144,0.372587392842117
1.0138827233337,1,0.3828125,0.698367353138528,-0.155149215217417
1.43232551970904,1,0.3984375,0.283586005532787,-0.596996393831452
1.23604965534206,1,0.4140625,-0.166115338949477,-0.811988495502415
0.197384787551963,1,0.4296875,-0.572695813065474,-0.729598009554776
0.656265193706543,1,0.4453125,-0.866182808332352,-0.371404881388749
1.03185027369115,1,0.4609375,-0.997343385526699,0.155404244766358
0.445450673128406,1,0.4765625,-0.946577131675977,0.690723287112121
0.548357299926935,1,0.4921875,-0.727412551102311,1.07041632761997
1.02975268362613,1,0.5078125,-0.383971626757825,1.17647482078904
1.39737641026167,1,0.5234375,0.0171346040742299,0.973119502785698
1.05646103929252,1,0.5390625,0.39900269772855,0.517816921045529
0.917356331939793,1,0.5546875,0.688503887981202,-0.0561570581876757
1.82393792458615,1,0.5703125,0.829659329366485,-0.580283132813736
1.41744024088286,1,0.5859375,0.793887263442004,-0.902105170052665
0.643297169412848,1,0.6015625,0.585255490544587,-0.931608343476416
1.23663428453003,1,0.6171875,0.239782016624409,-0.668505753155165
1.18249198921845,1,0.6328125,-0.181089491059686,-0.202103160743615
0.562816202661942,1,0.6484375,-0.601652085675341,0.31621114411396
0.34053167044793,1,0.6640625,-0.945703856603238,0.719441453615455
0.603412233463694,1,0.6796875,-1.15041566482666,0.876221244409689
0.883156013065335,1,0.6953125,-1.17777352531092,0.731153365997522
0.134829920257129,1,0.7109375,-1.02151228538275,0.321924959241386
0.3196663271266,1,0.7265625,-0.708277983239067,-0.232036223590207
1.35499368880536,1,0.7421875,-0.292806891980371,-0.765903045253148
0.825893861690338,1,0.7578125,0.152001520457738,-1.11968952936733
0.66895056171214,1,0.7734375,0.548310967470912,-1.18704562530392
1.45212557353763,1,0.7890625,0.827466731289583,-0.947701916377689
1.54691163696136,1,0.8046875,0.942436445120926,-0.473653872349885
1.2208421435329,1,0.8203125,0.876309192413722,0.0928033792251032
0.878515225796615,1,0.8359375,0.645306585287324,0.582480341897584
1.33934876726432,1,0.8515625,0.295758744924162,0.850880272983085
1.31473720167717,1,0.8671875,-0.104403046319535,0.822211318560311
0.133960676577479,1,0.8828125,-0.478086884366733,0.512381728013163
0.486516749539902,1,0.8984375,-0.753147722356094,0.0239573920927567
1.00672532254687,1,0.9140625,-0.875592055354628,-0.485373208937806
0.209997377376864,1,0.9296875,-0.819474483432176,-0.851187845271859
0.245057349558405,1,0.9453125,-0.591683186080683,-0.952785335981479
0.854624672231364,1,0.9609375,-0.230741983671455,-0.750287120538732
1.22290003086587,1,0.9765625,0.200153855314039,-0.297045613042305
1.01547439598268,1,0.9921875,0.624600941266564,0.276437055961175
0.889768170450564,1,1.0078125,0.966863831815787,0.802172802599441
1.92426940871323,1,1.0234375,1.16563803023614,1.12582217703338
4.69813520595132,1,1.0390625,1.18519454486438,1.15368338308023
0.708474990832806,1,1.0546875,1.02187722418659,0.881185154871742
1.3394638465669,1,1.0703125,0.704770038983179,0.394182581621752
1.34787559847571,1,1.0859375,0.290412793265938,-0.157337409563779
0.483640653578185,1,1.1015625,-0.147472818806547,-0.605106503628247
0.256213658315353,1,1.1171875,-0.531376589086777,-0.81397374516722
0.495236395344834,1,1.1328125,-0.794074582538337,-0.723150932265525
0.791705200166382,1,1.1484375,-0.89082339073098,-0.364705679222784
0.106538818088821,1,1.1640625,-0.807454423525546,0.146345323609935
0.178907003203766,1,1.1796875,-0.562895402202806,0.647313624512441
1.41478786832282,1,1.1953125,-0.205660951097516,0.977706441432762
0.918548850161213,1,1.2109375,0.195047691843435,1.02844593313452
0.525477261229712,1,1.2265625,0.562012247379432,0.775399463237215
1.42231711515352,1,1.2421875,0.824128335311974,0.286972388265017
1.44127329096304,1,1.2578125,0.929423769913695,-0.296561782564875
0.948290730287866,1,1.2734375,0.854592766617925,-0.805685237316852
0.597258441446605,1,1.2890625,0.609308971079938,-1.09319840194749
0.970907283343736,1,1.3046875,0.234530866256434,-1.07897504978174
1.07351175520546,1,1.3203125,-0.204893035696288,-0.77424318888948
-0.15010305261582,1,1.3359375,-0.631973908857261,-0.277979193235689
0.126436432913471,1,1.3515625,-0.971548947812728,0.253478774740354
0.917523694771472,1,1.3671875,-1.16392235032175,0.654311421671996
0.0102101392192891,1,1.3828125,-1.17569809423565,0.799962919851206
-0.0843898159358991,1,1.3984375,-1.00583280789043,0.645245226602859
0.623854678075499,1,1.4140625,-0.685807160917859,0.238160272364123
0.841177170236744,1,1.4296875,-0.27388488407108,-0.294782971928349
0.585430178640631,1,1.4453125,0.155495172627417,-0.787270581208494
0.36877078445669,1,1.4609375,0.525262572161942,-1.08408042247449
1.38596523297082,1,1.4765625,0.769728721878422,-1.08862283771871
1.37287534251295,1,1.4921875,0.846519114520161,-0.792598956728621
0.263476554313765,1,1.5078125,0.744252359198236,-0.27871246692829
1.00996359499496,1,1.5234375,0.484568500725747,0.304398087748315
1.30827689600267,1,1.5390625,0.118138074673319,0.787353595934977
0.319853191928968,1,1.5546875,-0.284620616236671,1.03155431051634
0.144073101623813,1,1.5703125,-0.646424947252718,0.971292323800585
0.412098049891949,1,1.5859375,-0.897265414097274,0.633597488300374
0.615216595043801,1,1.6015625,-0.98722196406322,0.12975986043091
-0.072427253007588,1,1.6171875,-0.895624587462988,-0.378875900654891
-0.206502299609469,1,1.6328125,-0.634889103879085,-0.730389413678774
1.1293997943419,1,1.6484375,-0.248328545044603,-0.811916596143128
0.761361630766386,1,1.6640625,0.197662601020038,-0.594268484407001
0.196577236643866,1,1.6796875,0.62562946608411,-0.14095758100034
1.35266555651905,1,1.6953125,0.961095673942199,0.411128522772619
1.54444870738203,1,1.7109375,1.14606503929557,0.893504180749698
1.00006895834034,1,1.7265625,1.14952883977059,1.15755196589375
0.778269827314771,1,1.7421875,0.973066495484469,1.11995587532895
1.0973285528023,1,1.7578125,0.65052070879704,0.788221266696983
1.23872935451494,1,1.7734375,0.241806840509258,0.258483715460387
-0.0693637390837717,1,1.7890625,-0.178015871606552,-0.313726432287206
-0.0392765022697121,1,1.8046875,-0.532421126187507,-0.760836078479663
0.932007892600754,1,1.8203125,-0.757350102876098,-0.954236516111978
-0.0553631612028078,1,1.8359375,-0.812866670910685,-0.843368254741246
-0.304109424731514,1,1.8515625,-0.690411348423336,-0.470948720456813
0.644321634742619,1,1.8671875,-0.414333584415034,0.0403035149298426
0.855723999957293,1,1.8828125,-0.0374238241028739,0.525386589067025
0.629476922887629,1,1.8984375,0.368740587150072,0.827647030084826
0.437922191633422,1,1.9140625,0.726877235280874,0.846852047109859
1.37139782057033,1,1.9296875,0.968125573606931,0.570011312558981
1.48354175451859,1,1.9453125,1.04464594430382,0.0755273445427708
0.135735746945792,1,1.9609375,0.938395759321354,-0.490598058525588
0.739315061771742,1,1.9765625,0.664483859353416,-0.959236666130619
1.22306739345378,1,1.9921875,0.268491157016371,-1.18970324683579
